{
  "project_info": {
    "project_number": "106761795976",
    "project_id": "mi-proyecto-tfg-mohammad",
    "storage_bucket": "mi-proyecto-tfg-mohammad.firebasestorage.app"
  },
  "client": [
    {
      "client_info": {
        "mobilesdk_app_id": "1:106761795976:android:b6b17498e0e0525c03a23d",
        "android_client_info": {
          "package_name": "com.example.miproyectotfgv2"
        }
      },
      "oauth_client": [],
      "api_key": [
        {
          "current_key": "AIzaSyAVTnKwRxrjOIVxqoOuo5ACbku2Q1_E-To"
        }
      ],
      "services": {
        "appinvite_service": {
          "other_platform_oauth_client": []
        }
      }
    }
  ],
  "configuration_version": "1"
}